--election table
insert into ELECTION_TABLE_VOTING_V values ('MPELECION2021','MP','17-DEC-2021','12-FEB-2022');
insert into ELECTION_TABLE_VOTING_V values ('MLAELECION2021','MLA','23-DEC-2021','12-MAR-2022');

desc ELECTION_TABLE_VOTING_V;
--election table
--select * from election;
--states table
insert into state_TABLE_V values (101,'andhra pradesh');
insert into STATE_TABLE_V values (102,'tamilnadu');
insert into state_TABLE_V values (103,'kerala');
insert into state_TABLE_V values (104,'maharashtra');


desc state_table_v ;
--states table
desc state_info_v;

-- state_info
insert into state_info_V values ('tamilnadu',100000000,20,10);

insert into state_info_V values ('kerala',400000000,12,19);

insert into state_info_V values ('maharashtra',9000000,8,13);


-- district
 insert into district_V values (101,201);
 insert into district_V values (101,202);
 insert into district_V values (101,203);
 insert into district_V values (102,301);
 insert into district_V values (102,302);
 insert into district_V values (102,303);
 insert into district_V values (103,401);
 insert into district_V Values (103,402);
 insert into district_V values (103,403);
 insert into district_V values (104,501);
 insert into district_V values (104,502);
 insert into district_V values (104,503);
 select * from district_v;
 
 --district_info
 --desc district_info;
INSERT INTO DISTRICT_INFO_V VALUES(201,'chittoor',900000);
INSERT INTO DISTRICT_INFO_V VALUES(202,'nellore',100000);
INSERT INTO DISTRICT_INFO_V VALUES(301,'Chennai',140000);
INSERT INTO DISTRICT_INFO_V VALUES(302,'Kallakurichi',230000);
INSERT INTO DISTRICT_INFO_V VALUES(303,'Madurai',920000);
INSERT INTO DISTRICT_INFO_V VALUES(401,'malappuram',220000);
INSERT INTO DISTRICT_INFO_V VALUES(402,'Kannur',900000);
INSERT INTO DISTRICT_INFO_V VALUES(403,'idukki',100000);
INSERT INTO DISTRICT_INFO_V VALUES(501,'pune',200000);
INSERT INTO DISTRICT_INFO_V VALUES(502,'sangli',100000);
--select * from district_info;
--desc district_info;
--delete from constituency
INSERT INTO CONSTITUENCY_V VALUES(201,1001); 
INSERT INTO CONSTITUENCY_V VALUES(201,1002);
INSERT INTO CONSTITUENCY_V VALUES(201,1003);
INSERT INTO CONSTITUENCY_V VALUES(201,1004);
INSERT INTO CONSTITUENCY_V VALUES(202,2001);
INSERT INTO CONSTITUENCY_V VALUES(202,2002);
INSERT INTO CONSTITUENCY_V VALUES(202,2003);
INSERT INTO CONSTITUENCY_V VALUES(301,3001);
INSERT INTO CONSTITUENCY_V VALUES(301,3002);
INSERT INTO CONSTITUENCY_V VALUES(301,3003);
INSERT INTO CONSTITUENCY_V VALUES(302,4001);
INSERT INTO CONSTITUENCY_V VALUES(302,4002);
INSERT INTO CONSTITUENCY_V VALUES(302,4003);
--desc constituency12;
--delete  constituency12;
--select * from constituency12;
--desc constituency_info;
--delete from constituency_info
INSERT INTO CONSTITUENCY_INFO_v VALUES(1001,'Tirupati',60000,'MPELECION2021');
INSERT INTO CONSTITUENCY_INFO_v VALUES(1002,'Srikalahasti',400000,'MLAELECION2021');
INSERT INTO CONSTITUENCY_INFO_v VALUES(1003,'chandragiri',50000,'MLAELECION2021');
INSERT INTO constituency_info values(1004,'puttur',30000,'MLAELECION2021');

INSERT INTO CONSTITUENCY_INFO_v VALUES(2001,'kavali',50000,'MPELECION2021');
INSERT INTO CONSTITUENCY_INFO_v VALUES(2002,'atmakur',16000,'MPELECION2021');
INSERT INTO CONSTITUENCY_INFO_v VALUES(2003,'kovuru',80000,'MLAELECION2021');

INSERT INTO CONSTITUENCY_INFO_v VALUES(3001,'perambur',69000,'MPELECION2021');
INSERT INTO CONSTITUENCY_INFO_v VALUES(3002,'kolathur',80000,'MPELECION2021');
INSERT INTO CONSTITUENCY_INFO_v VALUES(3003,'Villivakkam',80000,'MLAELECION2021');

INSERT INTO CONSTITUENCY_INFO_v VALUES(4001,'rishivandiyam',10096,'MPELECION2021');
INSERT INTO CONSTITUENCY_INFO_v VALUES(4002,'sankarapuram',10006,'MLAELECION2021');
INSERT INTO CONSTITUENCY_INFO_v VALUES(4003,'kallakurichi',190097,'MLAELECION2021');

--desc constituency_info21;
--select * from constituency_info21;

--delete from voter
INSERT INTO VOTER_v VALUES('shaik',' ','jakeer',900001,'09-JUL-1989',31, '94887654321', 'M', 'jakker12@');
INSERT INTO VOTER_v VALUES('shaik',' ','jaffer',980001,'09-MAY-1990',23, '12345678987', 'M', 'jafeer124');
INSERT INTO VOTER_v VALUES('muni',' ','siva',500001,'09-MAR-1991',27, '59678904321', 'M', 'sivam12');
INSERT INTO VOTER_v VALUES('s',' ','shankeer',6700001,'09-APRIL-1992',29, '13579086420', 'M', 'shankeer7890');
INSERT INTO VOTER_v VALUES('shaik',' ','Aaban',8900001,'09-APRIL-1993',28, '18912345678', 'M', '123456789');
INSERT INTO VOTER_v VALUES('k',' ','mani',8100001,'09-APRIL-1993',28, '18934567812', 'M', '7894561239');
INSERT INTO VOTER_v VALUES('l',' ','Aadit',980001,'09-APRIL-1993',28, '19123945678', 'M', 'ule12@1');
INSERT INTO VOTER_v VALUES('o',' ','aaditeya',700001,'09-APRIL-1993',28, '18912367845', 'M', 'aaditeya@989');
INSERT INTO VOTER_v VALUES('p',' ','Aadvay',8800001,'09-APRIL-1993',28, '18956789999', 'M', 'aadvay&456');
INSERT INTO VOTER_v VALUES('shaik',' ','Aaftab',6600001,'09-APRIL-1993',28, '98734345678', 'M', 'sahik*123');
INSERT INTO VOTER_v VALUES('v',' ','aabneya',7890001,'09-APRIL-1993',28, '18912397652', 'M', 'aabneya981');
INSERT INTO VOTER_v VALUES('m','kumar ','Aahva',750001,'09-APRIL-1993',28, '19872345678', 'M', 'Aahva876');
INSERT INTO VOTER_v VALUES('k',' ','Aaidan',8973201,'09-APRIL-1993',28, '18912308178', 'M', 'Aaidan');
INSERT INTO VOTER_V VALUES('k',' ','kumar',8973001,'09-APRIL-1999',23, '92175660728', 'M', 'kumar12@3');
insert into VOTER_V values('meghana','','lokesh',7849561,'01-JAN-1989',32,89746812374,'F','lokeshmegha123%');

--select * from voter;
--city
--delete from city

INSERT INTO city_v values(517644 ,'srikalahasti');
INSERT INTO city_v values(517101 ,'tirupathi');
INSERT INTO city_v values(517501 ,'puttur');
INSERT INTO city_v values(517102 ,'chandragiri');
INSERT INTO city_v values(524201 ,'kavali');
INSERT INTO city_v values(518422 ,'atamakur');

--delete from address

INSERT INTO address__vote values('94887654321',101,201,1001,517101,9987653257);
INSERT INTO address__vote values('12345678987',101,201,1001,517101,9817624857);
INSERT INTO address__Vote values('59678904321',101,201,1001,517101,9987223421);
INSERT INTO address__vote values('13579086420',101,201,1001,517101,9985632427);
INSERT INTO address__vote values('18912345678',101,201,1001,517101,9972654325);
--INSERT INTO address values('19123945678',101,201,1001,517101,9987643257);
INSERT INTO address__vote values('18912367845',101,201,1001,517101,9876543257);
INSERT INTO address__vote values('18956789999',101,201,1001,517101,9881232579);

select * from address__vote;


desc address__Vote;

-- party;

INSERT INTO PARTY_TABLE VALUES(10,'BJP');
INSERT INTO PARTY_TABLE VALUES(11,'INC');
INSERT INTO PARTY_TABLE VALUES(12,'YSR Congress');
INSERT INTO PARTY_TABLE VALUES(13,'Jana Sena');
INSERT INTO PARTY_TABLE VALUES(15,'Telugu Desam');
INSERT INTO PARTY_TABLE VALUES(16,'TJS');
INSERT INTO PARTY_TABLE VALUES(17,'DMK'	);
INSERT INTO PARTY_TABLE VALUES(18,'ADMK'	);
INSERT INTO PARTY_TABLE VALUES(19,'CPI' );
INSERT INTO PARTY_TABLE VALUES(20,'CPM');
INSERT INTO PARTY_TABLE VALUES(21,'NOTA');
--desc party_info;
--select * from party_info

INSERT INTO PARTY_INFO_v VALUES(   'INC','Hand','Soniya Gandhi');
INSERT INTO PARTY_INFO_v VALUES(  'BJP','Lotus','J.P.Natta');
INSERT INTO PARTY_INFO_v VALUES(   'YSR Congress','Fan','YS Jegan Mohan Reddy');
INSERT INTO PARTY_INFO_v VALUES(  'Jana Sena','Glass Tumbler','Pawan Kalyan');
INSERT INTO PARTY_INFO_v VALUES(  'Telugu Desam','Cycle','Chandrababu Naidu');
INSERT INTO PARTY_INFO_v VALUES(   'TJS','Match Box','M. Kodandaram');
INSERT INTO PARTY_INFO_v VALUES(  'DMK','Rising Sun','MK Stalin');
INSERT INTO PARTY_INFO_v VALUES(  'ADMK','Two Leaves','O.Panner Selvam');
INSERT INTO PARTY_INFO_v VALUES(   'CPI','Red Star','PinarayiVijan');
INSERT INTO PARTY_INFO_v VALUES(  'CPM','Hammer','MV ragavan');

--select * from candidate_type

INSERT INTO CANDIDATE_TYPE VALUES(1,'MLA');
INSERT INTO CANDIDATE_TYPE VALUES(2,'MP');

--select * from candidate
--desc candidate;

INSERT INTO CANDIDATE1_v VALUES(9991,2	, '192175660728',	 'kumar'	, 'MPELECION2021',	11);
INSERT INTO CANDIDATE1_v VALUES(9992,2	, '142755619926',	 'Avinash'	, 'MPELECION2021',	12);
INSERT INTO CANDIDATE1_V VALUES(9993,2	, '816047191549',	 'Madhu'	, 'MPELECION2021',	11);
INSERT INTO CANDIDATE1_v VALUES(9994,2	, '874808985462',	 'Santhosh'	, 'MPELECION2021',	12);
INSERT INTO CANDIDATE1_v VALUES(9995,2	, '954505189745','akash'	, 'MPELECION2021',	11);
INSERT INTO CANDIDATE1_v VALUES(9996,2	, '287265522144','jhansi'	, 'MPELECION2021',	12);
INSERT INTO CANDIDATE1_v VALUES(9997,2	, '668229971724','rakesh'	, 'MPELECION2021',	11);
INSERT INTO CANDIDATE1_v VALUES(9998,2	,'846515424962','Rohan'	, 'MPELECION2021',	12);
INSERT INTO CANDIDATE1_v VALUES(9999,2	,'815962645614','Vikas'	, 'MPELECION2021',	11);
INSERT INTO CANDIDATE1_v VALUES(10000,2,'451994505585','Ramya'	, 'MPELECION2021',	12);
INSERT INTO CANDIDATE1_v VALUES(10001,2,'158209669441','jhanu'	, 'MPELECION2021',	11);
INSERT INTO CANDIDATE1_v VALUES(10002,2,'717391716181','Krishna'	, 'MPELECION2021',	12);
INSERT INTO CANDIDATE1_v VALUES(10003,2,'841789912855','naresh'	, 'MPELECION2021',	11);
INSERT INTO CANDIDATE1_v VALUES(10004,2,'818349568979','mahesh'	, 'MPELECION2021',	12);
INSERT INTO CANDIDATE1_v VALUES(10005,2,'795567249946','afreen'	, 'MPELECION2021',	11);I
INSERT INTO CANDIDATE1_v VALUES(10006,2,'451954715894','girichadna'	, 'MPELECION2021',	12);
INSERT INTO CANDIDATE1_V VALUES(10007,2,'461829879857','Aravind'	, 'MPELECION2021',	11);
INSERT INTO CANDIDATE1_v VALUES(10008,2,'944545894652','Venkadesh'	, 'MPELECION2021',	12);
INSERT INTO CANDIDATE1_v VALUES(10009,2,'515147079967','Chandu'	, 'MPELECION2021',	11);
INSERT INTO CANDIDATE1_v VALUES(10010,2,'542499664147','siva'	, 'MPELECION2021',	12);
INSERT INTO CANDIDATE1_v VALUES(10011,2,'592622499162','murali'	, 'MPELECION2021',	11);
INSERT INTO CANDIDATE1_v VALUES(10012,2,'728996541951','gopi'	, 'MPELECION2021',	12);
INSERT INTO CANDIDATE1_v VALUES(10013,1,'277885444976','ravi'	, 'MLAELECION2021',	15);
INSERT INTO CANDIDATE1_v VALUES(10014,1,'257097681782','priya'	, 'MLAELECION2021',	15);

select * from CANDIDATE1_V;


--select * from vote_pooling;

---vote_polling for mpelections
insert into vote_pooling_v values(94887654321,'MPELECION2021',9991,1001,201);
insert into vote_pooling_v values(12345678987,'MPELECION2021',9991,1001,201);
insert into vote_pooling_v values(59678904321,'MPELECION2021',9993,3002,301);
insert into vote_pooling_v values(13579086420,'MPELECION2021',9991,1001,201);
insert into vote_pooling_v values(18912345678,'MPELECION2021',9992,1001,202);
insert into vote_pooling_v values(18934567812,'MPELECION2021',9992,1001,202);
insert into vote_pooling_v values(18912367845,'MPELECION2021',9992,1001,202);
insert into vote_pooling_v values(18956789999,'MPELECION2021',9992,1001,202);
insert into vote_pooling_v values(98734345678,'MPELECION2021',9993,3001,301);
insert into vote_pooling_v values(18912397652,'MPELECION2021',9993,3001,301);

--vote_polling for mlaelections
insert into vote_pooling_v values(19872345678,'MLAELECION2021',10013,1004,201);
insert into vote_pooling_v values(18912308178,'MLAELECION2021',10013,1004,201);
insert into vote_pooling_v values(92175660728,'MLAELECION2021',10013,1004,201);
insert into vote_pooling_v values(89746812374,'MLAELECION2021',10015,1002,201);


