INSERT INTO ELECTION VALUES(&ELECTION_ID,&ELECTION_TYPE,TO_DATE(&ELECTION_DATE,'DD-MM-YYYY'),TO_DATE(&RESULT_DATE,'DD-MM-YYYY'));
select * from Election; 
INSERT INTO STATES VALUES(&STATE_ID,&STATE_NAME);
SELECT* FROM STATES;
INSERT INTO STATE_INFO VALUES (&STATE_NAME,&STATE_POPULATION,&LOKSHA_CONST,&LEGIS_CONST);
SELECT * FROM STATE_INFO;

CREATE SEQUENCE SEQ1 START WITH 1001 INCREMENT BY 1 NOCACHE NOCYCLE;
CREATE SEQUENCE SEQ2 INCREMENT BY 1 START WITH 504 ORDER;
DROP SEQUENCE SEQ2;

CREATE OR REPLACE PROCEDURE ADD_DISTRICT(V_STATE_ID INTEGER,V_DISTRICT_ID INTEGER)
IS
V_STATE_ID INTEGER;
V_DISTRICT_ID INTEGER;
BEGIN
V_STATE_ID := SEQ1.NEXTVAL;
V_DISTRICT_ID := SEQ2.NEXTVAL;
INSERT INTO DISTRICT VALUES(V_STATE_ID,V_DISTRICT_ID);
END;
/


INSERT INTO DISTRICT VALUES(SEQ1.NEXTVAL,SEQ2.NEXTVAL);
SELECT * FROM DISTRICT;
TRUNCATE TABLE DISTRICT;
INSERT INTO DISTRICT VALUES (&STATE_ID,SEQ2.NEXTVAL);

DELETE DISTRICT WHERE DISTRICT_ID IN(508,507,506);

CREATE SEQUENCE DIS_INF_DISTRICT_ID_SEQ INCREMENT BY 1 START WITH 501 ORDER;
INSERT INTO DISTRICT_INFO VALUES(DIS_INF_DISTRICT_ID_SEQ.NEXTVAL,&DISTRICT_NAME,&TOTAL_POP);

SELECT * FROM DISTRICT_INFO;

CREATE SEQUENCE CON_CONSTITUENCY_ID_SEQ INCREMENT BY 1 START WITH 221 ORDER;

INSERT INTO CONSTITUENCY VALUES(&DISTRICT_ID,CON_CONSTITUENCY_ID_SEQ.NEXTVAL);

SELECT * FROM CONSTITUENCY;

CREATE OR REPLACE PROCEDURE 
ADD_CONS_INFO(CONS_ID NUMBER,CONS_NAME VARCHAR,
              POPULATION NUMBER)
IS
BEGIN
INSERT INTO CONSTITUENCY_INFO VALUES
           (CONS_ID,CONS_NAME,POPULATION);
END;
/

BEGIN
ADD_CONS_INFO(221,'Tirupati',6);
END;
/

SELECT * FROM CONSTITUENCY_INFO;

INSERT INTO ELECTION VALUES( 'MLA2021MAR','MLA',  '08-MAR-2022',  '05-MAY-2022');
INSERT INTO ELECTION VALUES( 'MP2019MAY','MP', '21-MAY-2019', '18-JUN-2019');


INSERT INTO STATES VALUES(1001, 'Andhra Pradash');
INSERT INTO STATES VALUES(1002, 'Tamil Nadu');
INSERT INTO STATES VALUES(1003, 'Kerala');
INSERT INTO STATES VALUES(1004, 'Telangana');


INSERT INTO STATE_INFO VALUES( 'Andhra Pradash',20,2,4);
INSERT INTO STATE_INFO VALUES( 'Tamil Nadu',46,4,8);
INSERT INTO STATE_INFO  VALUES( 'Kerala',21,2,4);
INSERT INTO STATE_INFO  VALUES( 'Telangana',33,3,6);


INSERT INTO DISTRICT VALUES(1001,501);
INSERT INTO DISTRICT VALUES(1001,502);
INSERT INTO DISTRICT VALUES(1002,503);
INSERT INTO DISTRICT VALUES(1002,504);
INSERT INTO DISTRICT VALUES(1002,505);
INSERT INTO DISTRICT VALUES(1002,506);
INSERT INTO DISTRICT VALUES(1003,507);
INSERT INTO DISTRICT VALUES(1003,508);
INSERT INTO DISTRICT VALUES(1004,509);
INSERT INTO DISTRICT VALUES(1004,510);
INSERT INTO DISTRICT VALUES(1004,511);


INSERT INTO DISTRICT_INFO VALUES(501,'Tirupati',10);
INSERT INTO DISTRICT_INFO VALUES(502,'Guntur',10);
INSERT INTO DISTRICT_INFO VALUES(503,'Chennai',11);
INSERT INTO DISTRICT_INFO VALUES(504,'Kallakurichi',13);
INSERT INTO DISTRICT_INFO VALUES(505,'Salem',10);
INSERT INTO DISTRICT_INFO VALUES(506,'Madurai',12);
INSERT INTO DISTRICT_INFO VALUES(507,'Kollam',12);
INSERT INTO DISTRICT_INFO VALUES(508,'Kozhikode',9);
INSERT INTO DISTRICT_INFO VALUES(509,'Hyderabad',10);
INSERT INTO DISTRICT_INFO VALUES(510,'Adilabad',12);
INSERT INTO DISTRICT_INFO VALUES(511,'Hanamkonda',11);


INSERT INTO CONSTITUENCY VALUES(501,221);
INSERT INTO CONSTITUENCY VALUES(501,222);
INSERT INTO CONSTITUENCY VALUES(502,223);
INSERT INTO CONSTITUENCY VALUES(502,224);
INSERT INTO CONSTITUENCY VALUES(503,225);
INSERT INTO CONSTITUENCY VALUES(503,226);
INSERT INTO CONSTITUENCY VALUES(504,227);
INSERT INTO CONSTITUENCY VALUES(504,228);
INSERT INTO CONSTITUENCY VALUES(505,229);
INSERT INTO CONSTITUENCY VALUES(505,230);
INSERT INTO CONSTITUENCY VALUES(506,231);
INSERT INTO CONSTITUENCY VALUES(506,232);
INSERT INTO CONSTITUENCY VALUES(507,233);
INSERT INTO CONSTITUENCY VALUES(507,234);
INSERT INTO CONSTITUENCY VALUES(508,235);
INSERT INTO CONSTITUENCY VALUES(508,236);
INSERT INTO CONSTITUENCY VALUES(509,237);
INSERT INTO CONSTITUENCY VALUES(509,238);
INSERT INTO CONSTITUENCY VALUES(510,239);
INSERT INTO CONSTITUENCY VALUES(510,240);
INSERT INTO CONSTITUENCY VALUES(511,241);
INSERT INTO CONSTITUENCY VALUES(511,242);


INSERT INTO CONSTITUENCY_INFO VALUES(221,'Tirupati',	6);
INSERT INTO CONSTITUENCY_INFO VALUES(222,'Srikalahasti',4);
INSERT INTO CONSTITUENCY_INFO VALUES(223,'Guntur East',5);
INSERT INTO CONSTITUENCY_INFO VALUES(224,'Guntur West',5);
INSERT INTO CONSTITUENCY_INFO VALUES(225,'Perambur',6);
INSERT INTO CONSTITUENCY_INFO VALUES(226,'Kolathur',5);
INSERT INTO CONSTITUENCY_INFO VALUES(227,'Ulundurpettai',7);
INSERT INTO CONSTITUENCY_INFO VALUES(228,'Sankarapuram',6);
INSERT INTO CONSTITUENCY_INFO VALUES(229,'Yercaud',6);
INSERT INTO CONSTITUENCY_INFO VALUES(230,'Veerapandi',4);
INSERT INTO CONSTITUENCY_INFO VALUES(231,'Melur',6);
INSERT INTO CONSTITUENCY_INFO VALUES(232,'Madurai East',6);
INSERT INTO CONSTITUENCY_INFO VALUES(233,'Port Kollam',7);
INSERT INTO CONSTITUENCY_INFO VALUES(234,'Koickal',	5);
INSERT INTO CONSTITUENCY_INFO VALUES(235,'Elathur',	5);
INSERT INTO CONSTITUENCY_INFO VALUES(236,'Beypore',4);
INSERT INTO CONSTITUENCY_INFO VALUES(237,'Karwan',5);
INSERT INTO CONSTITUENCY_INFO VALUES(238,'Charminar',5);
INSERT INTO CONSTITUENCY_INFO VALUES(239,'Sirpur',7);
INSERT INTO CONSTITUENCY_INFO VALUES(240,'Khanapur',5);
INSERT INTO CONSTITUENCY_INFO VALUES(241,'Ghanpur',5);
INSERT INTO CONSTITUENCY_INFO VALUES(242,'Shyampet',6);


INSERT INTO VOTER VALUES('Kavitha',' H ','Prashanth',10001,'09-JUL-1990',31, ' 1921 7566 2728 ', 'F', ' z04gpDm ');
INSERT INTO VOTER VALUES('Suchitra',' Y ','Murali',10002,'14-Mar-1993',28, ' 7624 5594 6594 ', 'F', ' DJrTtki ');
INSERT INTO VOTER VALUES('Sarika',' L ','Nagesh',10003,'23-Mar-1974',47, ' 1614 9291 9941 ', 'F', ' N9DEeXz ');
INSERT INTO VOTER VALUES('Keerthana',' E ','Sivakumar',10004,'12-Dec-1970',51, ' 8795 4699 1221 ', 'F', ' K85dFYs ');
INSERT INTO VOTER VALUES('Pavi',' A ','Syed',10005,'15-Sep-1980',41, ' 2298 1842 9969 ', 'F', ' 2K067oQ ');
INSERT INTO VOTER VALUES('Monisha',' G ','Raghunath',10006,'24-Dec-2001',20, ' 8168 4719 1549 ', 'F', ' sAry4I4 ');
INSERT INTO VOTER VALUES('Parkavi',' L ','Karhick',10007,'19-Oct-1960',61, ' 7426 6689 2654 ', 'F', ' qusyHTd ');
INSERT INTO VOTER VALUES('Lolita',' N ','Kishore',10008,'17-Nov-1961',60, ' 2777 8544 4976 ', 'F', ' INGb1l8 ');
INSERT INTO VOTER VALUES('Emma',' R ','Yogeshwar',10009,'18-Sep-1950',71, ' 7684 4212 7928 ', 'F', ' gUcnMj7 ');
INSERT INTO VOTER VALUES('Amelia',' X ','Chandru',10010,'25-Apr-2001',20, ' 9545 7518 9745 ', 'F', ' WjZkJjF ');
INSERT INTO VOTER VALUES('Ela',' U ','John',10011,'13-May-1991',30, ' 2872 7552 5144 ', 'F', ' FjJksdG ');
INSERT INTO VOTER VALUES('Stella',' W ','Shafique',10012,'10-Oct-1981',40, ' 7996 4869 1471 ', 'F', ' rZOqnNR ');
INSERT INTO VOTER VALUES('Aadhya',' Q ','Sarika',10013,'29-Nov-2002',19, ' 8566 8879 6114 ', 'F', ' Ed4Ifip ');
INSERT INTO VOTER VALUES('Chameli',' M ','Priyan',10014,'01-Aug-2000',21, ' 5942 9444 1747 ', 'F', ' cYbFu76 ');
INSERT INTO VOTER VALUES('Tharika',' M ','Kavitha',10015,'29-Nov-2003',18, ' 6592 8252 6996 ', 'F', ' 3LlpfX9 ');
INSERT INTO VOTER VALUES('Zoya',' X ','Suchitra',10016,'04-Jan-1940',82, ' 6598 7511 8494 ', 'F', ' zC@cD4r ');
INSERT INTO VOTER VALUES('Aliya',' H ','Aravind',10017,'16-Jul-1989',32, ' 8815 2186 4888 ', 'F', ' TNOgNCU ');
INSERT INTO VOTER VALUES('Sophia',' S ','Venkadesh',10018,'31-Jan-1995',27, ' 7946 9661 2924 ', 'F', ' N3nNPZQ ');
INSERT INTO VOTER VALUES('Lucy',' X ','Advik ',10019,'09-Sep-1983',38, ' 6782 9568 4821 ', 'F', ' SiOPRTL ');
INSERT INTO VOTER VALUES('Valentina',' F ','Dharshan',10020,'06-Jun-1974',47, ' 2156 4872 9974 ', 'F', ' z6yqoYW ');
INSERT INTO VOTER VALUES('Maria',' I ','Kamlesh',10021,'19-Jul-1959',62, ' 8584 4978 7151 ', 'F', ' CMyBK6f ');
INSERT INTO VOTER VALUES('Rosy',' I ','Charan',10022,'14-Aug-1992',29, ' 8945 8249 5611 ', 'F', ' AOHCBWA ');
INSERT INTO VOTER VALUES('Abhi',' Y ','Moxith',10023,'14-Feb-1967',55, ' 5725 4999 9679 ', 'F', ' dAlQ1u8 ');
INSERT INTO VOTER VALUES('Aadhira',' T ','Mahi',10024,'13-Oct-1940',81, ' 9989 4175 5485 ', 'F', ' 2M1xbDq ');
INSERT INTO VOTER VALUES('Aadithya',' L ','Parkavi',10025,'12-Dec-1970',51, ' 5795 2518 8241 ', 'F', ' #9JpQMs ');
INSERT INTO VOTER VALUES('Lakshmi',' M ','Lolita',10026,'15-Sep-1980',41, ' 2225 9418 5655 ', 'F', ' fEO64mC ');
INSERT INTO VOTER VALUES('Andriya',' P ','Emma',10027,'24-Dec-2001',20, ' 8524 6864 2961 ', 'F', ' 26ecxT6 ');
INSERT INTO VOTER VALUES('Archana',' X ','Amelia',10028,'19-Oct-1960',61, ' 4974 4642 5787 ', 'F', ' 3@rGGpj ');
INSERT INTO VOTER VALUES('Rhea',' A ','Ela',10029,'17-Nov-1961',60, ' 2214 5997 9797 ', 'F', ' R#C5np# ');
INSERT INTO VOTER VALUES('Radha',' Q ','Stella',10030,'18-Sep-1950',71, ' 9282 1557 7494 ', 'F', ' ibl6Q9m ');
INSERT INTO VOTER VALUES('Subba',' Z ','Aadhya',10031,'25-Apr-2001',20, ' 1515 7745 7496 ', 'F', ' nzQhoen ');
INSERT INTO VOTER VALUES('Vedika',' X ','Chameli',10032,'13-May-1991',30, ' 4266 2695 2678 ', 'F', ' HA#K0fW ');
INSERT INTO VOTER VALUES('Zara',' P ','Tharika',10033,'14-Mar-1993',28, ' 7968 1459 4111 ', 'F', ' FF3JZH7 ');
INSERT INTO VOTER VALUES('Tokyo',' I ','Zoya',10034,'23-Mar-1974',47, ' 5492 6422 8625 ', 'F', ' DfS09x2 ');
INSERT INTO VOTER VALUES('Menaka',' I ','Aliya',10035,'12-Dec-1970',51, ' 5827 5252 5756 ', 'F', ' k41Be2J ');
INSERT INTO VOTER VALUES('Nicole',' L ','Sophia',10036,'15-Sep-1980',41, ' 5498 1922 9899 ', 'F', ' UB0OqQC ');
INSERT INTO VOTER VALUES('Harika',' Z ','Lucy',10037,'24-Dec-2001',20, ' 1186 6565 6852 ', 'F', ' 9w6o6r5 ');
INSERT INTO VOTER VALUES('Rio',' J ','Valentina',10038,'19-Oct-1960',61, ' 9874 9982 2558 ', 'F', ' f5WN89g ');
INSERT INTO VOTER VALUES('Julia',' F ','Sree',10039,'17-Nov-1961',60, ' 2926 4297 2596 ', 'F', ' rK16c0w ');
INSERT INTO VOTER VALUES('Ananya',' B ','Vinoth',10040,'18-Sep-1950',71, ' 8546 7222 2157 ', 'F', ' QGC56MS ');
INSERT INTO VOTER VALUES('Deepika',' C ','Monisha',10041,'25-Apr-2001',20, ' 6429 2844 5227 ', 'F', ' b8h2qu4 ');
INSERT INTO VOTER VALUES('Shanaya',' P ','Abhi',10042,'10-Oct-1981',40, ' 4555 7285 1462 ', 'F', ' Qh#Y9@G ');
INSERT INTO VOTER VALUES('Mishika',' L ','Pavi',10043,'29-Nov-2002',19, ' 2944 8497 4941 ', 'F', ' g5i38Eu ');
INSERT INTO VOTER VALUES('Pranshi',' W ','Sachin',10044,'01-Aug-2000',21, ' 6928 5447 4472 ', 'F', ' #lj#yso ');
INSERT INTO VOTER VALUES('Anshi',' N ','Sumanth',10045,'29-Nov-2003',18, ' 6779 8299 7628 ', 'F', ' E7sbk0U ');
INSERT INTO VOTER VALUES('Tanishka',' N ','Keerthana',10046,'04-Jan-1940',82, ' 5659 8486 7891 ', 'F', ' 0#XIXR# ');
INSERT INTO VOTER VALUES('Charvi',' Z ','Prashanth',10047,'16-Jul-1989',32, ' 5222 8774 9278 ', 'F', ' EeLl4fR ');
INSERT INTO VOTER VALUES('Neha',' U ','Murali',10048,'31-Jan-1995',27, ' 6671 9164 6961 ', 'F', ' mPSbFXT ');
INSERT INTO VOTER VALUES('Pranavi',' O ','Nagesh',10049,'09-Sep-1983',38, ' 6629 2721 5682 ', 'F', ' #cru@X2 ');
INSERT INTO VOTER VALUES('Aarvi',' L ','Sivakumar',10050,'06-Jun-1974',47, ' 6629 7847 5651 ', 'F', ' qoDcenD ');
INSERT INTO VOTER VALUES('Ruhi',' O ','Syed',10051,'19-Jul-1959',62, ' 1678 9291 4788 ', 'F', ' j4zhaup ');
INSERT INTO VOTER VALUES('Manasi',' S ','Raghunath',10052,'14-Aug-1992',29, ' 5279 8199 5996 ', 'F', ' jrFXSrl ');
INSERT INTO VOTER VALUES('Ashwini',' Q ','Mishika',10053,'19-Oct-1960',61, ' 8478 1981 9821 ', 'F', ' 0#MuCGs ');
INSERT INTO VOTER VALUES('Swetha',' J ','Karhick',10054,'17-Nov-1961',60, ' 1158 7252 6618 ', 'F', ' JK#KKAO ');
INSERT INTO VOTER VALUES('Veronika',' W ','Kishore',10055,'18-Sep-1950',71, ' 8667 9917 4928 ', 'F', ' kiXtyUG ');
INSERT INTO VOTER VALUES('Priyanka',' F ','Yogeshwar',10056,'25-Apr-2001',20, ' 9959 7451 2112 ', 'F', ' YTjYk6k ');
INSERT INTO VOTER VALUES('Suganya',' Z ','Chandru',10057,'13-May-1991',30, ' 6524 6555 8622 ', 'F', ' 7Wbk9mN ');
INSERT INTO VOTER VALUES('Lakshmi',' L ','John',10058,'10-Oct-1981',40, ' 8181 7887 6518 ', 'F', ' @xPaNau ');
INSERT INTO VOTER VALUES('Hasini',' J ','Shafique',10059,'29-Nov-2002',19, ' 4582 6624 6414 ', 'F', ' QmyJrcc ');
INSERT INTO VOTER VALUES('Anusha',' W ','Sarika',10060,'01-Aug-2000',21, ' 7857 2782 6958 ', 'F', ' UXo8JnY ');
INSERT INTO VOTER VALUES('Aviraj',' K ','Priyan',10061,'29-Nov-2003',18, ' 1427 5561 7926 ', 'M', ' URnkSOC ');
INSERT INTO VOTER VALUES('Yuvan',' S ','Kavitha',10062,'04-Jan-1940',82, ' 1474 9515 6125 ', 'M', ' i7IDtCA ');
INSERT INTO VOTER VALUES('Agasthiya',' Q ','Suchitra',10063,'09-Sep-1983',38, ' 6774 2677 1858 ', 'M', ' 0xABsDJ ');
INSERT INTO VOTER VALUES('Rahul',' M ','Aravind',10064,'06-Jun-1974',47, ' 1168 8298 4547 ', 'M', ' CgK0wkF ');
INSERT INTO VOTER VALUES('Dhruv',' D ','Venkadesh',10065,'19-Jul-1959',62, ' 1597 1282 4127 ', 'M', ' ziwxYcQ ');
INSERT INTO VOTER VALUES('Tanush',' N ','Mishika',10066,'14-Aug-1992',29, ' 4669 7841 7957 ', 'M', ' OxP3NmW ');
INSERT INTO VOTER VALUES('Rishit',' F ','Julia',10067,'14-Feb-1967',55, ' 8144 4416 7257 ', 'M', ' Ab5sQ@A ');
INSERT INTO VOTER VALUES('Saumit',' X ','Ananya',10068,'13-Oct-1940',81, ' 8182 8941 7967 ', 'M', ' UlK1UJy ');
INSERT INTO VOTER VALUES('Vihaan',' K ','Deepika',10069,'12-Dec-1970',51, ' 2579 9768 1782 ', 'M', ' k6g#xUc ');
INSERT INTO VOTER VALUES('Prayan',' X ','Shanaya',10070,'15-Sep-1980',41, ' 5487 5499 7818 ', 'M', ' N9y4A7g ');
INSERT INTO VOTER VALUES('Santhosh',' E ','Mishika',10071,'24-Dec-2001',20, ' 8748 8898 5462 ', 'M', ' AdUjpNq ');
INSERT INTO VOTER VALUES('Ram',' F ','Pranshi',10072,'19-Oct-1960',61, ' 4678 6517 2181 ', 'M', ' @1Mn0Ef ');
INSERT INTO VOTER VALUES('Sundar',' W ','Anshi',10073,'17-Nov-1961',60, ' 8118 1645 2292 ', 'M', ' QsWenmY ');
INSERT INTO VOTER VALUES('Harish',' P ','Tanishka',10074,'18-Sep-1950',71, ' 2626 9156 6297 ', 'M', ' XQtQJls ');
INSERT INTO VOTER VALUES('Naveen',' B ','Charvi',10075,'25-Apr-2001',20, ' 7864 1176 9785 ', 'M', ' TPJZnDb ');
INSERT INTO VOTER VALUES('Shreyas',' P ','Neha',10076,'13-May-1991',30, ' 9227 1978 4544 ', 'M', ' hURqM5Q ');
INSERT INTO VOTER VALUES('Pranith',' O ','Pranavi',10077,'14-Mar-1993',28, ' 8429 7464 9956 ', 'M', ' iIE2b44 ');
INSERT INTO VOTER VALUES('Akila',' D ','Aarvi',10078,'23-Mar-1974',47, ' 1154 8694 5511 ', 'M', ' qlihoCp ');
INSERT INTO VOTER VALUES('Rajesh',' I ','Ruhi',10079,'12-Dec-1970',51, ' 8556 9784 6479 ', 'M', ' 7aJ1@n6 ');
INSERT INTO VOTER VALUES('Aryan',' F ','Manasi',10080,'15-Sep-1980',41, ' 6682 2997 1724 ', 'M', ' U3BRoh# ');
INSERT INTO VOTER VALUES('Rihaan',' L ','Rohit',10081,'24-Dec-2001',20, ' 8465 1542 4962 ', 'M', ' zQX8ZKW ');
INSERT INTO VOTER VALUES('Sreedhar',' D ','Swetha',10082,'19-Oct-1960',61, ' 5214 8945 7878 ', 'M', ' xsjFKlF ');
INSERT INTO VOTER VALUES('Venkatesh',' X ','Veronika',10083,'17-Nov-1961',60, ' 4948 9219 1697 ', 'M', ' it#TzLN ');
INSERT INTO VOTER VALUES('Vikas',' P ','Priya ka',10084,'18-Sep-1950',71, ' 8157 6264 5614 ', 'M', ' U#R#6nj ');
INSERT INTO VOTER VALUES('Rohit',' F ','Rihaan',10085,'25-Apr-2001',20, ' 4519 4455 5585 ', 'M', ' r0xxQ@L ');
INSERT INTO VOTER VALUES('Yuvaraj',' I ','Aryan',10086,'10-Oct-1981',40, ' 6581 9986 8257 ', 'M', ' @cyUN9U ');
INSERT INTO VOTER VALUES('Sanjeev',' M ','Pranith',10087,'29-Nov-2002',19, ' 7478 4678 6825 ', 'M', ' KuPDo1y ');
INSERT INTO VOTER VALUES('Suresh',' W ','Shreyas',10088,'01-Aug-2000',21, ' 8821 2489 1515 ', 'M', ' OrB12Jk ');
INSERT INTO VOTER VALUES('Denver',' C ','Aviraj',10089,'29-Nov-2003',18, ' 6758 2926 1254 ', 'M', ' tdsP3aE ');
INSERT INTO VOTER VALUES('Berlin',' E ','Yuvan',10090,'19-Oct-1960',61, ' 1582 6966 9441 ', 'M', ' YliAqsP ');
INSERT INTO VOTER VALUES('Krish',' O ','Agasthiya',10091,'17-Nov-1961',60, ' 7175 9171 6181 ', 'M', ' pqNdR6x ');
INSERT INTO VOTER VALUES('Srinivas',' Z ','Rahul',10092,'18-Sep-1950',71, ' 8417 8991 2855 ', 'M', ' b8o5Kkg ');
INSERT INTO VOTER VALUES('Farhan',' M ','Dhruv',10093,'25-Apr-2001',20, ' 8181 4956 8979 ', 'M', ' kI#a63Q ');
INSERT INTO VOTER VALUES('Aadi',' W ','Tanush',10094,'10-Oct-1981',40, ' 6271 6181 2417 ', 'M', ' cUo@yHO ');
INSERT INTO VOTER VALUES('Sree',' X ','Rishit',10095,'29-Nov-2002',19, ' 8975 5584 2278 ', 'M', ' o6#wn6F ');
INSERT INTO VOTER VALUES('Vinoth',' E ','Saumit',10096,'01-Aug-2000',21, ' 9199 1794 8565 ', 'M', ' LKnCPTd ');
INSERT INTO VOTER VALUES('Mahi',' K ','Vihaan',10097,'29-Nov-2003',18, ' 1228 8876 9664 ', 'M', ' juUD06b ');
INSERT INTO VOTER VALUES('Aadhav',' R ','Prayan',10098,'04-Jan-1940',82, ' 7142 4619 8555 ', 'M', ' 0IGelJt ');
INSERT INTO VOTER VALUES('Moxith',' A ','Santhosh',10099,'16-Jul-1989',32, ' 2867 2816 7266 ', 'M', ' a0O2BID ');
INSERT INTO VOTER VALUES('Sachin',' U ','Ram',10100,'31-Jan-1995',27, ' 7957 9917 2128 ', 'M', ' uajwR8M ');
INSERT INTO VOTER VALUES('Sumanth',' C ','Sundar',10101,'09-Sep-1983',38, ' 7955 2724 5946 ', 'M', ' 1wO#gls ');
INSERT INTO VOTER VALUES('Charan',' O ','Harish',10102,'06-Jun-1974',47, ' 4512 5471 5894 ', 'M', ' aemmuro ');
INSERT INTO VOTER VALUES('Prashanth',' J ','Naveen',10103,'19-Jul-1959',62, ' 5925 6224 9916 ', 'M', ' RILitks ');
INSERT INTO VOTER VALUES('Murali',' P ','Anusha',10104,'14-Aug-1992',29, ' 7289 4654 1951 ', 'M', ' nah@ak8 ');
INSERT INTO VOTER VALUES('Nagesh',' X ','Hasini',10105,'19-Oct-1960',61, ' 6885 1452 2528 ', 'M', ' nbBzS8W ');
INSERT INTO VOTER VALUES('Sivakumar',' J ','Akila',10106,'17-Nov-1961',60, ' 7172 9817 4748 ', 'M', ' 36bey1W ');
INSERT INTO VOTER VALUES('Syed',' S ','Rajesh',10107,'18-Sep-1950',71, ' 7712 4265 4947 ', 'M', ' uuf@24i ');
INSERT INTO VOTER VALUES('Raghunath',' Q ','Lakshmi',10108,'25-Apr-2001',20, ' 4528 9668 7212 ', 'M', ' wj4aR3U ');
INSERT INTO VOTER VALUES('Karhick',' H ','Suganya',10109,'13-May-1991',30, ' 8865 9869 2889 ', 'M', ' U5QA4Cc ');
INSERT INTO VOTER VALUES('Kishore',' K ','Sreedhar',10110,'10-Oct-1981',40, ' 2191 8148 7978 ', 'M', ' S6HU1rn ');
INSERT INTO VOTER VALUES('Yogeshwar',' A ','Venkatesh',10111,'29-Nov-2002',19, ' 2474 4129 8929 ', 'M', ' H7IOaYM ');
INSERT INTO VOTER VALUES('Chandru',' B ','Vikas',10112,'01-Aug-2000',21, ' 5151 4767 9967 ', 'M', ' 5hQlgSN ');
INSERT INTO VOTER VALUES('John',' Q ','Ashwini',10113,'29-Nov-2003',18, ' 5424 7966 4147 ', 'M', ' snMBPEQ ');
INSERT INTO VOTER VALUES('Shafique',' I ','Yuvaraj',10114,'09-Jul-1990',31, ' 4811 1267 9195 ', 'M', ' MCwksBC ');
INSERT INTO VOTER VALUES('Kamlesh',' G ','Sanjeev',10115,'14-Mar-1993',28, ' 6185 9672 1279 ', 'M', ' QDPg9Ka ');
INSERT INTO VOTER VALUES('Priyan',' S ','Suresh',10116,'23-Mar-1974',47, ' 9976 1188 2725 ', 'M', ' 95NehRr ');
INSERT INTO VOTER VALUES('Advik',' D ','Rishit',10117,'12-Dec-1970',51, ' 4466 9177 9548 ', 'M', ' nBtO5Iz ');
INSERT INTO VOTER VALUES('Darshan',' Q ','Saumit',10118,'15-Sep-1980',41, ' 8974 8487 2616 ', 'M', ' @Gnwcbd ');
INSERT INTO VOTER VALUES('Aravind',' I ','Vihaan',10119,'24-Dec-2001',20, ' 4614 2987 9557 ', 'M', ' a3CHHUw ');
INSERT INTO VOTER VALUES('Venkadesh',' Y ','Prayan',10120,'19-Oct-1960',61, ' 9445 4589 4652 ', 'M', ' bi5zeOt ');

SELECT COUNT(*) FROM VOTER;
SELECT * FROM VOTER WHERE AADHAAR = ' 7712 4265 4947 ';


INSERT INTO CITY VALUES(522433, 'Renigunta');
INSERT INTO CITY VALUES(522434, 'Tirumala');
INSERT INTO CITY VALUES(522435, 'Chandragiri');
INSERT INTO CITY VALUES(522436, 'Chittoor');
INSERT INTO CITY VALUES(522437, 'Narasaraopet');
INSERT INTO CITY VALUES(522438, 'Mangalagiri');
INSERT INTO CITY VALUES(522439, 'Chilakaluripet');
INSERT INTO CITY VALUES(522440, 'Tenali');
INSERT INTO CITY VALUES(600001, 'Tambaram');
INSERT INTO CITY VALUES(600002, 'Pallavaram');
INSERT INTO CITY VALUES(600003, 'Villivakkam');
INSERT INTO CITY VALUES(600004, 'Anna Nagar');
INSERT INTO CITY VALUES(600005, 'Chinna Salem');
INSERT INTO CITY VALUES(600006, 'Tirukkoyilur');
INSERT INTO CITY VALUES(600007, 'Sankarapuram');
INSERT INTO CITY VALUES(600008, 'Ariyalur');
INSERT INTO CITY VALUES(600009, 'Tharamangalam');
INSERT INTO CITY VALUES(600010, 'Salem');
INSERT INTO CITY VALUES(600011, 'Mallur');
INSERT INTO CITY VALUES(600012, 'Gugai');
INSERT INTO CITY VALUES(600013, 'Vilangudi');
INSERT INTO CITY VALUES(600014, 'Melamadai');
INSERT INTO CITY VALUES(600015, 'Arumbanur');
INSERT INTO CITY VALUES(600016, 'Harveypatti');
INSERT INTO CITY VALUES(671121, 'Kollam');
INSERT INTO CITY VALUES(671122, 'Kollam Port');
INSERT INTO CITY VALUES(671123, 'Koikkal');
INSERT INTO CITY VALUES(671124, 'Koikkal Port');
INSERT INTO CITY VALUES(671125, 'chelannur');
INSERT INTO CITY VALUES(671126, 'Mampatta');
INSERT INTO CITY VALUES(671127, 'Beypore');
INSERT INTO CITY VALUES(671128, 'Cheerp palam');
INSERT INTO CITY VALUES(500001, 'Dhaka');
INSERT INTO CITY VALUES(500002, 'Attapur');
INSERT INTO CITY VALUES(500003, 'Charminar');
INSERT INTO CITY VALUES(500004, 'GHMC');
INSERT INTO CITY VALUES(500005, 'Bhurnur');
INSERT INTO CITY VALUES(500006, 'Chapri');
INSERT INTO CITY VALUES(500007, 'Bacholi');
INSERT INTO CITY VALUES(500008,  'Ankale');
INSERT INTO CITY VALUES(500009, 'Agaram');
INSERT INTO CITY VALUES(500010, 'Almaipally');
INSERT INTO CITY VALUES(500011, 'Warangal');
INSERT INTO CITY VALUES(500012, 'Ramagundam');



INSERT INTO ADDRESS VALUES( ' 1921 7566 2728 ',1001,501,221,522433,4856557721);
INSERT INTO ADDRESS VALUES( ' 7624 5594 6594 ',1001,501,221,522433,4175246266);
INSERT INTO ADDRESS VALUES( ' 1614 9291 9941 ',1001,501,221,522434,5213536384);
INSERT INTO ADDRESS VALUES( ' 8795 4699 1221 ',1001,501,222,522435,2328519558);
INSERT INTO ADDRESS VALUES( ' 2298 1842 9969 ',1001,501,222,522436,3952777562);
INSERT INTO ADDRESS VALUES( ' 8168 4719 1549 ',1001,502,223,522437,8833579344);
INSERT INTO ADDRESS VALUES( ' 7426 6689 2654 ',1001,502,223,522438,9213821894);
INSERT INTO ADDRESS VALUES( ' 2777 8544 4976 ',1001,502,224,522439,1482621925);
INSERT INTO ADDRESS VALUES( ' 7684 4212 7928 ',1001,502,224,522440,8846213771);
INSERT INTO ADDRESS VALUES( ' 9545 7518 9745 ',1002,503,225,600001,3969243447);
INSERT INTO ADDRESS VALUES( ' 2872 7552 5144 ',1002,503,225,600001,2995755314);
INSERT INTO ADDRESS VALUES( ' 7996 4869 1471 ',1002,503,225,600002,3618787161);
INSERT INTO ADDRESS VALUES( ' 8566 8879 6114 ',1002,503,226,600003,4947764564);
INSERT INTO ADDRESS VALUES( ' 5942 9444 1747 ',1002,503,226,600004,4391252362);
INSERT INTO ADDRESS VALUES( ' 6592 8252 6996 ',1002,503,226,600004,7648146269);
INSERT INTO ADDRESS VALUES( ' 6598 7511 8494 ',1002,504,227,600005,9328464155);
INSERT INTO ADDRESS VALUES( ' 8815 2186 4888 ',1002,504,227,600006,4339769731);
INSERT INTO ADDRESS VALUES( ' 7946 9661 2924 ',1002,504,227,600005,7111529351);
INSERT INTO ADDRESS VALUES( ' 6782 9568 4821 ',1002,504,228,600007,6694354779);
INSERT INTO ADDRESS VALUES( ' 2156 4872 9974 ',1002,504,228,600008,1448661834);
INSERT INTO ADDRESS VALUES( ' 8584 4978 7151 ',1002,504,228,600008,5722814188);
INSERT INTO ADDRESS VALUES( ' 8945 8249 5611 ',1002,505,229,600009,3524814651);
INSERT INTO ADDRESS VALUES( ' 5725 4999 9679 ',1002,505,229,600010,4628725149);
INSERT INTO ADDRESS VALUES( ' 9989 4175 5485 ',1002,505,229,600010,2538496517);
INSERT INTO ADDRESS VALUES( ' 5795 2518 8241 ',1002,505,230,600011,6955799227);
INSERT INTO ADDRESS VALUES( ' 2225 9418 5655 ',1002,505,230,600012,9565451995);
INSERT INTO ADDRESS VALUES( ' 8524 6864 2961 ',1002,506,231,600013,7346289216);
INSERT INTO ADDRESS VALUES( ' 4974 4642 5787 ',1002,506,231,600013,8385594768);
INSERT INTO ADDRESS VALUES( ' 2214 5997 9797 ',1002,506,231,600014,5513936643);
INSERT INTO ADDRESS VALUES( ' 9282 1557 7494 ',1002,506,231,600014,3212464124);
INSERT INTO ADDRESS VALUES( ' 1515 7745 7496 ',1002,506,231,600013,8316719156);
INSERT INTO ADDRESS VALUES( ' 4266 2695 2678 ',1002,506,232,600015,1284668656);
INSERT INTO ADDRESS VALUES( ' 7968 1459 4111 ',1002,506,232,600016,5323867179);
INSERT INTO ADDRESS VALUES( ' 5492 6422 8625 ',1002,506,232,600015,3555548116);
INSERT INTO ADDRESS VALUES( ' 5827 5252 5756 ',1002,506,232,600016,8543962351);
INSERT INTO ADDRESS VALUES( ' 5498 1922 9899 ',1003,507,233,671121,2731838737);
INSERT INTO ADDRESS VALUES( ' 1186 6565 6852 ',1003,507,233,671122,6744898231);
INSERT INTO ADDRESS VALUES( ' 9874 9982 2558 ',1003,507,233,671122,7659237494);
INSERT INTO ADDRESS VALUES( ' 2926 4297 2596 ',1003,507,234,671123,5587899466);
INSERT INTO ADDRESS VALUES( ' 8546 7222 2157 ',1003,507,234,671124,9256187361);
INSERT INTO ADDRESS VALUES( ' 6429 2844 5227 ',1003,508,235,671125,4523991617);
INSERT INTO ADDRESS VALUES( ' 4555 7285 1462 ',1003,508,235,671126,3228622551);
INSERT INTO ADDRESS VALUES( ' 2944 8497 4941 ',1003,508,235,671125,8711497251);
INSERT INTO ADDRESS VALUES( ' 6928 5447 4472 ',1003,508,236,671127,9683144959);
INSERT INTO ADDRESS VALUES( ' 6779 8299 7628 ',1003,508,236,671128,3435286776);
INSERT INTO ADDRESS VALUES( ' 5659 8486 7891 ',1004,509,237,500001,1632728616);
INSERT INTO ADDRESS VALUES( ' 5222 8774 9278 ',1004,509,237,500002,9321296275);
INSERT INTO ADDRESS VALUES( ' 6671 9164 6961 ',1004,509,237,500002,5527217877);
INSERT INTO ADDRESS VALUES( ' 6629 2721 5682 ',1004,509,238,500003,7224814192);
INSERT INTO ADDRESS VALUES( ' 6629 7847 5651 ',1004,509,238,500004,2652838356);
INSERT INTO ADDRESS VALUES( ' 1678 9291 4788 ',1004,510,239,500005,6658246467);
INSERT INTO ADDRESS VALUES( ' 5279 8199 5996 ',1004,510,239,500006,6739741154);
INSERT INTO ADDRESS VALUES( ' 8478 1981 9821 ',1004,510,239,500006,9659513294);
INSERT INTO ADDRESS VALUES( ' 1158 7252 6618 ',1004,510,240,500007,3377772756);
INSERT INTO ADDRESS VALUES( ' 8667 9917 4928 ',1004,510,240,500008,2946216821);
INSERT INTO ADDRESS VALUES( ' 9959 7451 2112 ',1004,510,240,500008,3627278772);
INSERT INTO ADDRESS VALUES( ' 6524 6555 8622 ',1004,511,241,500009,9868974252);
INSERT INTO ADDRESS VALUES( ' 8181 7887 6518 ',1004,511,241,500010,1256151313);
INSERT INTO ADDRESS VALUES( ' 4582 6624 6414 ',1004,511,242,500011,6647613183);
INSERT INTO ADDRESS VALUES( ' 7857 2782 6958 ',1004,511,242,500012,3186637467);
INSERT INTO ADDRESS VALUES( ' 1427 5561 7926 ',1001,501,221,522433,1462774536);
INSERT INTO ADDRESS VALUES( ' 1474 9515 6125 ',1001,501,221,522434,6845797941);
INSERT INTO ADDRESS VALUES( ' 6774 2677 1858 ',1001,501,221,522434,6311586589);
INSERT INTO ADDRESS VALUES( ' 1168 8298 4547 ',1001,501,222,522435,1339484323);
INSERT INTO ADDRESS VALUES( ' 1597 1282 4127 ',1001,501,222,522436,6564337492);
INSERT INTO ADDRESS VALUES( ' 4669 7841 7957 ',1001,502,223,522437,7221283536);
INSERT INTO ADDRESS VALUES( ' 8144 4416 7257 ',1001,502,223,522438,4921574857);
INSERT INTO ADDRESS VALUES( ' 8182 8941 7967 ',1001,502,223,522438,6891492511);
INSERT INTO ADDRESS VALUES( ' 2579 9768 1782 ',1001,502,224,522439,7156166843);
INSERT INTO ADDRESS VALUES( ' 5487 5499 7818 ',1001,502,224,522440,4676132957);
INSERT INTO ADDRESS VALUES( ' 8748 8898 5462 ',1001,502,224,522439,1429219637);
INSERT INTO ADDRESS VALUES( ' 4678 6517 2181 ',1002,503,225,600001,1226554772);
INSERT INTO ADDRESS VALUES( ' 8118 1645 2292 ',1002,503,225,600002,1883264161);
INSERT INTO ADDRESS VALUES( ' 2626 9156 6297 ',1002,503,225,600002,9428831178);
INSERT INTO ADDRESS VALUES( ' 7864 1176 9785 ',1002,503,226,600003,9288677916);
INSERT INTO ADDRESS VALUES( ' 9227 1978 4544 ',1002,503,226,600004,4466339477);
INSERT INTO ADDRESS VALUES( ' 8429 7464 9956 ',1002,504,227,600005,8584161874);
INSERT INTO ADDRESS VALUES( ' 1154 8694 5511 ',1002,504,227,600006,4112134482);
INSERT INTO ADDRESS VALUES( ' 8556 9784 6479 ',1002,504,227,600005,7113835324);
INSERT INTO ADDRESS VALUES( ' 6682 2997 1724 ',1002,504,227,600006,9662861956);
INSERT INTO ADDRESS VALUES( ' 8465 1542 4962 ',1002,504,228,600007,2151763379);
INSERT INTO ADDRESS VALUES( ' 5214 8945 7878 ',1002,504,228,600007,3319816551);
INSERT INTO ADDRESS VALUES( ' 4948 9219 1697 ',1002,504,228,600008,4625825764);
INSERT INTO ADDRESS VALUES( ' 8157 6264 5614 ',1002,505,229,600009,2285847885);
INSERT INTO ADDRESS VALUES( ' 4519 4455 5585 ',1002,505,229,600009,5835855398);
INSERT INTO ADDRESS VALUES( ' 6581 9986 8257 ',1002,505,229,600010,4387688496);
INSERT INTO ADDRESS VALUES( ' 7478 4678 6825 ',1002,505,230,600011,5629717312);
INSERT INTO ADDRESS VALUES( ' 8821 2489 1515 ',1002,505,230,600012,2667138929);
INSERT INTO ADDRESS VALUES( ' 6758 2926 1254 ',1002,506,231,600014,3846875232);
INSERT INTO ADDRESS VALUES( ' 1582 6966 9441 ',1002,506,232,600015,7246479171);
INSERT INTO ADDRESS VALUES( ' 7175 9171 6181 ',1002,506,232,600016,1622766885);
INSERT INTO ADDRESS VALUES( ' 8417 8991 2855 ',1003,507,233,671121,3834395175);
INSERT INTO ADDRESS VALUES( ' 8181 4956 8979 ',1003,507,233,671122,5631148299);
INSERT INTO ADDRESS VALUES( ' 6271 6181 2417 ',1003,507,233,671122,8272277662);
INSERT INTO ADDRESS VALUES( ' 8975 5584 2278 ',1003,507,233,671121,2817578192);
INSERT INTO ADDRESS VALUES( ' 9199 1794 8565 ',1003,507,234,671123,1983919152);
INSERT INTO ADDRESS VALUES( ' 1228 8876 9664 ',1003,507,234,671124,5729961369);
INSERT INTO ADDRESS VALUES( ' 7142 4619 8555 ',1003,507,234,671124,7693522978);
INSERT INTO ADDRESS VALUES( ' 2867 2816 7266 ',1003,508,235,671125,6533221915);
INSERT INTO ADDRESS VALUES( ' 7957 9917 2128 ',1003,508,235,671126,4961974421);
INSERT INTO ADDRESS VALUES( ' 7955 2724 5946 ',1003,508,236,671127,7698932132);
INSERT INTO ADDRESS VALUES( ' 4512 5471 5894 ',1003,508,236,671128,3155163396);
INSERT INTO ADDRESS VALUES( ' 5925 6224 9916 ',1004,509,237,500001,1795938767);
INSERT INTO ADDRESS VALUES( ' 7289 4654 1951 ',1004,509,237,500002,5173968475);
INSERT INTO ADDRESS VALUES( ' 6885 1452 2528 ',1004,509,238,500003,5552324192);
INSERT INTO ADDRESS VALUES( ' 7172 9817 4748 ',1004,509,238,500004,6332462771);
INSERT INTO ADDRESS VALUES( ' 7712 4265 4947 ',1004,509,238,500003,3517761141);
INSERT INTO ADDRESS VALUES( ' 4528 9668 7212 ',1004,510,239,500005,1218562324);
INSERT INTO ADDRESS VALUES( ' 8865 9869 2889 ',1004,510,239,500006,5792261914);
INSERT INTO ADDRESS VALUES( ' 2191 8148 7978 ',1004,510,239,500006,4618626865);
INSERT INTO ADDRESS VALUES( ' 2474 4129 8929 ',1004,510,239,500005,6278666317);
INSERT INTO ADDRESS VALUES( ' 5151 4767 9967 ',1004,510,240,500007,2718632584);
INSERT INTO ADDRESS VALUES( ' 5424 7966 4147 ',1004,510,240,500008,9154566554);
INSERT INTO ADDRESS VALUES( ' 4811 1267 9195 ',1004,511,241,500009,3945313529);
INSERT INTO ADDRESS VALUES( ' 6185 9672 1279 ',1004,511,241,500010,3376915611);
INSERT INTO ADDRESS VALUES( ' 9976 1188 2725 ',1004,511,241,500009,6288669671);
INSERT INTO ADDRESS VALUES( ' 4466 9177 9548 ',1004,511,242,500011,9114937826);
INSERT INTO ADDRESS VALUES( ' 8974 8487 2616 ',1004,511,242,500012,9451664729);
INSERT INTO ADDRESS VALUES( ' 4614 2987 9557 ',1004,511,242,500011,9734498221);
INSERT INTO ADDRESS VALUES( ' 9445 4589 4652 ',1004,511,242,500012,7972971847);

SELECT * FROM ADDRESS;

INSERT INTO PARTY VALUES(51,	   'INC');
INSERT INTO PARTY VALUES(52,	 'BJP');
INSERT INTO PARTY VALUES(54,	 'YSR Congress');
INSERT INTO PARTY VALUES(55,	 'Jana Sena');
INSERT INTO PARTY VALUES(56,	 'Telugu Desam');
INSERT INTO PARTY VALUES(57,	 'TJS');
INSERT INTO PARTY VALUES(58,	 'DMK'	);
INSERT INTO PARTY VALUES(59,	 'ADMK'	);
INSERT INTO PARTY VALUES(61,	 'CPI' );
INSERT INTO PARTY VALUES(62,	 'CPM');
INSERT INTO PARTY VALUES(63,	 'NOTA');


INSERT INTO PARTY_INFO VALUES(   'INC','Hand','Soniya Gandhi');
INSERT INTO PARTY_INFO VALUES(  'BJP','Lotus','J.P.Natta');
INSERT INTO PARTY_INFO VALUES(   'YSR Congress','Fan','YS Jegan Mohan Reddy');
INSERT INTO PARTY_INFO VALUES(  'Jana Sena','Glass Tumbler','Pawan Kalyan');
INSERT INTO PARTY_INFO VALUES(  'Telugu Desam','Cycle','Chandrababu Naidu');
INSERT INTO PARTY_INFO VALUES(   'TJS','Match Box','M. Kodandaram');
INSERT INTO PARTY_INFO VALUES(  'DMK','Rising Sun','MK Stalin');
INSERT INTO PARTY_INFO VALUES(  'ADMK','Two Leaves','O.Panner Selvam');
INSERT INTO PARTY_INFO VALUES(   'CPI','Red Star','PinarayiVijan');
INSERT INTO PARTY_INFO VALUES(  'CPM','Hammer','MV ragavan');
INSERT INTO PARTY_INFO (PARTY_NAME,SYMBOL) VALUES(  'NOTA','NOTA');

INSERT INTO CANDIDATE_TYPE VALUES(10,'MLA');
INSERT INTO CANDIDATE_TYPE VALUES(20,'MP');


INSERT INTO CANDIDATE VALUES(101,	20	, ' 1921 7566 2728 ',	 'Kavitha'	, 'MP2019MAY',	51);
INSERT INTO CANDIDATE VALUES(102,	20	, ' 1427 5561 7926 ',	 'Aviraj'	, 'MP2019MAY',	52);
INSERT INTO CANDIDATE VALUES(103,	20	, ' 8168 4719 1549 ',	 'Monisha'	, 'MP2019MAY',	51);
INSERT INTO CANDIDATE VALUES(104,	20	, ' 8748 8898 5462 ',	 'Santhosh'	, 'MP2019MAY',	52);
INSERT INTO CANDIDATE VALUES(105,	20	, ' 9545 7518 9745 ',	 'Amelia'	, 'MP2019MAY',	51);
INSERT INTO CANDIDATE VALUES(106,	20	, ' 2872 7552 5144 ',	 'Ela'	, 'MP2019MAY',	52);
INSERT INTO CANDIDATE VALUES(107,	20	, ' 6682 2997 1724 ',	 'Aryan'	, 'MP2019MAY',	51);
INSERT INTO CANDIDATE VALUES(108,	20	, ' 8465 1542 4962 ',	 'Rihaan'	, 'MP2019MAY',	52);
INSERT INTO CANDIDATE VALUES(109,	20	, ' 8157 6264 5614 ',	 'Vikas'	, 'MP2019MAY',	51);
INSERT INTO CANDIDATE VALUES(110,	20	, ' 4519 4455 5585 ',	 'Rohit'	, 'MP2019MAY',	52);
INSERT INTO CANDIDATE VALUES(111,	20	, ' 1582 6966 9441 ',	 'Berlin'	, 'MP2019MAY',	51);
INSERT INTO CANDIDATE VALUES(112,	20	, ' 7175 9171 6181 ',	 'Krish'	, 'MP2019MAY',	52);
INSERT INTO CANDIDATE VALUES(113,	20	, ' 8417 8991 2855 ',	 'Srinivas'	, 'MP2019MAY',	51);
INSERT INTO CANDIDATE VALUES(114,	20	, ' 8181 4956 8979 ',	 'Farhan'	, 'MP2019MAY',	52);
INSERT INTO CANDIDATE VALUES(115,	20	, ' 7955 2724 5946 ',	 'Sumanth'	, 'MP2019MAY',	51);
INSERT INTO CANDIDATE VALUES(116,	20	, ' 4512 5471 5894 ',	 'Charan'	, 'MP2019MAY',	52);
INSERT INTO CANDIDATE VALUES(117,	20	, ' 4614 2987 9557 ',	 'Aravind'	, 'MP2019MAY',	51);
INSERT INTO CANDIDATE VALUES(118,	20	, ' 9445 4589 4652 ',	 'Venkadesh'	, 'MP2019MAY',	52);
INSERT INTO CANDIDATE VALUES(119,	20	, ' 5151 4767 9967 ',	 'Chandru'	, 'MP2019MAY',	51);
INSERT INTO CANDIDATE VALUES(120,	20	, ' 5424 7966 4147 ',	 'John'	, 'MP2019MAY',	52);
INSERT INTO CANDIDATE VALUES(121,	20	, ' 5925 6224 9916 ',	 'Prashanth'	, 'MP2019MAY',	51);
INSERT INTO CANDIDATE VALUES(122,	20	, ' 7289 4654 1951 ',	 'Murali'	, 'MP2019MAY',	52);
INSERT INTO CANDIDATE VALUES(123,	10	, ' 2777 8544 4976 ',	 'Lolita'	, 'MLA2021MAR',	54);
INSERT INTO CANDIDATE VALUES(124,	10	, ' 2579 9768 1782 ',	 'Vihaan'	, 'MLA2021MAR',	55);
INSERT INTO CANDIDATE VALUES(125,	10	, ' 8182 8941 7967 ',	 'Saumit'	, 'MLA2021MAR',	54);
INSERT INTO CANDIDATE VALUES(126,	10	, ' 4669 7841 7957 ',	 'Tanush'	, 'MLA2021MAR',	55);
INSERT INTO CANDIDATE VALUES(127,	10	, ' 1168 8298 4547 ',	 'Rahul'	, 'MLA2021MAR',	54);
INSERT INTO CANDIDATE VALUES(128,	10	, ' 1597 1282 4127 ',	 'Dhruv'	, 'MLA2021MAR',	55);
INSERT INTO CANDIDATE VALUES(129,	10	, ' 1474 9515 6125 ',	 'Yuvan'	, 'MLA2021MAR',	54);
INSERT INTO CANDIDATE VALUES(130,	10	, ' 6774 2677 1858 ',	 'Agasthiya'	, 'MLA2021MAR',	55);
INSERT INTO CANDIDATE VALUES(131,	10	, ' 4266 2695 2678 ',	 'Vedika'	, 'MLA2021MAR',	58);
INSERT INTO CANDIDATE VALUES(132,	10	, ' 7968 1459 4111 ',	 'Zara'	, 'MLA2021MAR',	59);
INSERT INTO CANDIDATE VALUES(133,	10	, ' 2214 5997 9797 ',	 'Rhea'	, 'MLA2021MAR',	58);
INSERT INTO CANDIDATE VALUES(134,	10	, ' 9282 1557 7494 ',	 'Radha'	, 'MLA2021MAR',	59);
INSERT INTO CANDIDATE VALUES(135,	10	, ' 5795 2518 8241 ',	 'Aadithya'	, 'MLA2021MAR',	58);
INSERT INTO CANDIDATE VALUES(136,	10	, ' 2225 9418 5655 ',	 'Lakshmi'	, 'MLA2021MAR',	59);
INSERT INTO CANDIDATE VALUES(137,	10	, ' 5725 4999 9679 ',	 'Abhi'	, 'MLA2021MAR',	58);
INSERT INTO CANDIDATE VALUES(138,	10	, ' 9989 4175 5485 ',	 'Aadhira'	, 'MLA2021MAR',	59);
INSERT INTO CANDIDATE VALUES(139,	10	, ' 2156 4872 9974 ',	 'Valentina'	, 'MLA2021MAR',	58);
INSERT INTO CANDIDATE VALUES(140,	10	, ' 8584 4978 7151 ',	 'Maria'	, 'MLA2021MAR',	59);
INSERT INTO CANDIDATE VALUES(141,	10	, ' 8815 2186 4888 ',	 'Aliya'	, 'MLA2021MAR',	58);
INSERT INTO CANDIDATE VALUES(142,	10	, ' 7946 9661 2924 ',	 'Sophia'	, 'MLA2021MAR',	59);
INSERT INTO CANDIDATE VALUES(143,	10	, ' 5942 9444 1747 ',	 'Chameli'	, 'MLA2021MAR',	58);
INSERT INTO CANDIDATE VALUES(144,	10	, ' 6592 8252 6996 ',	 'Tharika'	, 'MLA2021MAR',	59);
INSERT INTO CANDIDATE VALUES(145,	10	, ' 8118 1645 2292 ',	 'Sundar'	, 'MLA2021MAR',	58);
INSERT INTO CANDIDATE VALUES(146,	10	, ' 7996 4869 1471 ',	 'Stella'	, 'MLA2021MAR',	59);
INSERT INTO CANDIDATE VALUES(147,	10	, ' 6928 5447 4472 ',	 'Pranshi'	, 'MLA2021MAR',	61);
INSERT INTO CANDIDATE VALUES(148,	10	, ' 6779 8299 7628 ',	 'Anshi'	, 'MLA2021MAR',	62);
INSERT INTO CANDIDATE VALUES(149,	10	, ' 4555 7285 1462 ',	 'Shanaya'	, 'MLA2021MAR',	61);
INSERT INTO CANDIDATE VALUES(150,	10	, ' 2944 8497 4941 ',	 'Mishika'	, 'MLA2021MAR',	62);
INSERT INTO CANDIDATE VALUES(151,	10	, ' 2926 4297 2596 ',	 'Julia'	, 'MLA2021MAR',	61);
INSERT INTO CANDIDATE VALUES(152,	10	, ' 8546 7222 2157 ',	 'Ananya'	, 'MLA2021MAR',	62);
INSERT INTO CANDIDATE VALUES(153,	10	, ' 1186 6565 6852 ',	 'Harika'	, 'MLA2021MAR',	61);
INSERT INTO CANDIDATE VALUES(154,	10	, ' 9874 9982 2558 ',	 'Rio'	, 'MLA2021MAR',	62);
INSERT INTO CANDIDATE VALUES(155,	10	, ' 5659 8486 7891 ',	 'Tanishka'	, 'MLA2021MAR',	56);
INSERT INTO CANDIDATE VALUES(156,	10	, ' 5222 8774 9278 ',	 'Charvi'	, 'MLA2021MAR',	57);
INSERT INTO CANDIDATE VALUES(157,	10	, ' 7172 9817 4748 ',	 'Sivakumar'	, 'MLA2021MAR',	56);
INSERT INTO CANDIDATE VALUES(158,	10	, ' 7712 4265 4947 ',	 'Syed'	, 'MLA2021MAR',	57);
INSERT INTO CANDIDATE VALUES(159,	10	, ' 4528 9668 7212 ',	 'Raghunath'	, 'MLA2021MAR',	56);
INSERT INTO CANDIDATE VALUES(160,	10	, ' 8865 9869 2889 ',	 'Karhick'	, 'MLA2021MAR',	57);
INSERT INTO CANDIDATE VALUES(161,	10	, ' 1158 7252 6618 ',	 'Swetha'	, 'MLA2021MAR',	56);
INSERT INTO CANDIDATE VALUES(162,	10	, ' 8667 9917 4928 ',	 'Veronika'	, 'MLA2021MAR',	57);
INSERT INTO CANDIDATE VALUES(163,	10	, ' 6524 6555 8622 ',	 'Suganya'	, 'MLA2021MAR',	56);
INSERT INTO CANDIDATE VALUES(164,	10	, ' 8181 7887 6518 ',	 'Lakshmi'	, 'MLA2021MAR',	57);
INSERT INTO CANDIDATE VALUES(165,	10	, ' 4582 6624 6414 ',	 'Hasini'	, 'MLA2021MAR',	56);
INSERT INTO CANDIDATE VALUES(166,	10	, ' 7857 2782 6958 ',	 'Anusha'	, 'MLA2021MAR',	57);

SELECT * FROM CANDIDATE;
INSERT INTO PARTY_INFO_INFO VALUES( 'INC',  'Hand','Soniya Gandhi');
INSERT INTO PARTY_INFO VALUES( 'BJP', 'Lotus', 'J.P.Natta');
INSERT INTO PARTY_INFO VALUES( 'YSR Congress', 'Fan','YS Jegan Mohan Reddy');
INSERT INTO PARTY_INFO VALUES( 'Jana Sena'	, 'Glass Tumbler',	 'Pawan Kalyan ');
INSERT INTO PARTY_INFO VALUES( 'Telugu Desam', 'Cycle','Chandrababu Naidu');
INSERT INTO PARTY_INFO VALUES( 'TJS',  'Match Box', 'M. Kodandaram');
INSERT INTO PARTY_INFO VALUES( 'DMK', 'Rising Sun','MK Stalin');
INSERT INTO PARTY_INFO VALUES( 'ADMK', 'Two Leaves', 'O.Panneerselvam');
INSERT INTO PARTY_INFO VALUES( 'CPI', 'Red Star', 'Pinarayi Vijayan');
INSERT INTO PARTY_INFO VALUES( 'CPM', 'Hammer', 'MV raghavan');
INSERT INTO PARTY_INFO VALUES( 'NOTA', 'NOTA',NULL);
SELECT * FROM PARTY_INFO;













